idd;x;y;dist
0;2.388283657;48.75705751;1500
1;2.398917147;48.76034866;1500
